Customer_ID,Purchase_Amount,Visit_Duration,Items_Purchased,Store_Section,Weekday
1,174.83570765056163,28.423084048497675,2,Groceries,Tuesday
2,143.08678494144075,21.50246243678403,7,Electronics,Sunday
3,182.38442690503462,80.00732744980003,5,Apparel,Saturday
4,226.15149282040127,87.71232991355913,5,Groceries,Saturday
5,138.2923312638332,13.474475930820624,8,Groceries,Tuesday
6,138.29315215254098,112.98334708680588,3,Groceries,Saturday
7,228.96064077536957,15.716841201661964,5,Apparel,Sunday
8,188.37173645764545,69.54259688311775,3,Groceries,Monday
9,126.5262807032524,87.9966571396008,5,Apparel,Monday
10,177.12800217929822,105.80660361206941,1,Groceries,Friday
11,126.82911535937689,88.54956253456706,7,Electronics,Thursday
12,126.71351232148716,98.1900891376771,2,Groceries,Monday
13,162.0981135783017,47.33952117970867,4,Electronics,Friday
14,54.33598776711011,99.63076251211635,6,Electronics,Wednesday
15,63.75410837434836,18.812633102314265,7,Electronics,Thursday
16,121.88562353795136,108.42983216665804,9,Apparel,Monday
17,99.35844398327882,70.23516137691098,4,Electronics,Sunday
18,165.7123666297637,99.90275469587431,1,Groceries,Wednesday
19,104.59879622393944,59.75501129701301,4,Apparel,Friday
20,79.38481493323543,80.79354647161774,6,Electronics,Monday
21,223.28243844607772,67.90429270297246,3,Apparel,Monday
22,138.7111849756732,90.4748473930865,4,Apparel,Saturday
23,153.3764102343962,18.979298023364855,2,Apparel,Wednesday
24,78.76259068932715,16.638729238962018,6,Groceries,Monday
25,122.78086377374086,37.18135574111611,8,Electronics,Tuesday
26,155.5461294854933,27.549914812450716,7,Apparel,Sunday
27,92.45032112888487,105.89619232514218,2,Apparel,Saturday
28,168.7849009172836,34.113538609384875,6,Apparel,Saturday
29,119.96806550405975,117.34517814010444,9,Electronics,Monday
30,135.41531251033615,47.05853709482175,3,Apparel,Sunday
31,119.91466938853016,30.032970725756922,8,Apparel,Saturday
32,242.6139092254469,96.8668357856727,7,Groceries,Thursday
33,149.3251387631033,82.45785530509637,6,Electronics,Wednesday
34,97.11445355220499,64.80152880984528,10,Groceries,Thursday
35,191.12724560515946,71.08999060313943,5,Electronics,Friday
36,88.95781750144889,89.11219560994903,5,Electronics,Thursday
37,160.44317975023776,35.13002154644286,5,Electronics,Sunday
38,52.016493806011226,119.5967307662416,5,Groceries,Tuesday
39,83.59069755507848,117.22724783614615,4,Groceries,Saturday
40,159.84306179345617,81.53582549816306,10,Groceries,Sunday
41,186.92332899977052,31.949669602205965,3,Groceries,Saturday
42,158.56841405949854,84.82510666744204,2,Apparel,Tuesday
43,144.21758588058796,17.941824987709342,6,Apparel,Saturday
44,134.94481522053556,13.371775242638666,4,Apparel,Thursday
45,76.07390048162863,38.345117736233505,4,Electronics,Friday
46,114.00778958026457,60.88852524132479,8,Apparel,Monday
47,126.96806145201063,105.50997559492185,5,Electronics,Tuesday
48,202.85611131094578,89.98859767429389,4,Groceries,Thursday
49,167.18091447842306,91.69771733199792,7,Electronics,Sunday
50,61.8479922318633,56.80426678928829,4,Electronics,Thursday
51,166.20419846973977,48.05284918016592,2,Apparel,Thursday
52,130.74588597918418,50.814263928306296,2,Groceries,Monday
53,116.15389998470206,118.64145201096636,3,Groceries,Wednesday
54,180.5838144420434,14.412011055373073,3,Apparel,Saturday
55,201.54997612479755,105.37346457346935,8,Groceries,Saturday
56,196.56400595580993,73.65429494296328,6,Groceries,Sunday
57,108.03912383886808,58.24769611085495,0,Groceries,Friday
58,134.53938120743928,89.77834264566502,8,Apparel,Sunday
59,166.5631715701782,63.53358355671731,5,Groceries,Wednesday
60,198.77725635611796,106.07655618898266,4,Electronics,Saturday
61,126.04128810773551,109.07720504123844,5,Electronics,Friday
62,140.71705116680914,56.3893019560801,7,Groceries,Sunday
63,94.68325129969858,40.451057695855674,6,Apparel,Friday
64,90.18966879596647,75.15853614526985,3,Apparel,Thursday
65,190.6262911197099,110.35996801783601,4,Apparel,Tuesday
66,217.81200142854115,33.172840790623326,2,Groceries,Thursday
67,146.3994939209833,78.52632419198311,4,Groceries,Monday
68,200.17664489460122,79.47162421017725,1,Electronics,Saturday
69,168.0818012523817,90.64243246568091,9,Apparel,Friday
70,117.74401226974379,24.472445363998578,3,Electronics,Sunday
71,168.0697802754207,88.74074611502974,1,Electronics,Tuesday
72,226.90182832329845,109.99357727322051,5,Apparel,Sunday
73,148.20869804450243,29.765141975726618,4,Groceries,Saturday
74,228.2321827907003,36.12976574162654,6,Groceries,Friday
75,19.012744795512788,116.85346034458036,5,Electronics,Friday
76,191.09512521876118,29.907464798043875,8,Electronics,Thursday
77,154.35235341190855,103.9823602706537,5,Electronics,Tuesday
78,135.04963247670662,64.15056420928383,7,Electronics,Tuesday
79,154.58803882677512,37.19541818434948,4,Apparel,Saturday
80,50.621554269955354,105.78248913997625,1,Electronics,Friday
81,139.01640560812442,58.983578050293204,5,Electronics,Tuesday
82,167.85562857558733,66.62990893226592,4,Groceries,Tuesday
83,223.89470223707582,49.515670633974224,3,Groceries,Sunday
84,124.08648908631763,75.22459365784202,2,Groceries,Saturday
85,109.57531985534061,27.987625984352505,12,Apparel,Thursday
86,124.91214782077317,53.01896903169368,5,Apparel,Sunday
87,195.7701058851037,116.63535545688163,10,Groceries,Sunday
88,166.43755548298424,38.39467759712403,6,Groceries,Wednesday
89,123.51198981164806,82.24103309954214,1,Electronics,Monday
90,175.66337165566782,45.77090706471644,6,Electronics,Wednesday
91,154.85387746740201,95.08204382552607,2,Apparel,Tuesday
92,198.43224952664445,24.396102679018483,4,Apparel,Friday
93,114.89734530613238,116.68031495863993,5,Electronics,Monday
94,133.61689267011158,59.91684955220032,8,Groceries,Monday
95,130.3945923433921,35.96555096811103,4,Electronics,Friday
96,76.82425259339408,18.084642206301393,2,Apparel,Monday
97,164.8060138532288,28.67336955962948,1,Apparel,Friday
98,163.05276360899447,67.17513434116194,8,Electronics,Monday
99,150.25567283212305,47.07034940744149,8,Electronics,Sunday
100,138.27064333124267,101.17717024708705,4,Electronics,Saturday
101,79.23146289747929,57.39762760279865,1,Apparel,Saturday
102,128.96773386173206,37.35856998463929,9,Groceries,Wednesday
103,132.86427417366153,77.8859485264433,4,Electronics,Sunday
104,109.88613653891906,87.74549385739904,2,Apparel,Monday
105,141.93571441669954,28.374609869104486,4,Apparel,Thursday
106,170.20254284072692,28.438113791714944,3,Apparel,Friday
107,244.3092950605265,14.033856962689727,8,Electronics,Sunday
108,158.72889064159196,91.00422165722046,9,Electronics,Monday
109,162.8775195361382,83.01849803839856,4,Groceries,Saturday
110,146.27770421169163,62.20939633247953,4,Apparel,Saturday
111,54.06143923504793,102.85874938661168,5,Electronics,Friday
112,148.67430622753915,98.62371682450585,11,Apparel,Thursday
113,153.01151049705132,74.38898008364274,8,Apparel,Monday
114,273.1621056242643,105.50984085645845,6,Groceries,Monday
115,140.38195176094388,32.6425331040445,2,Electronics,Thursday
116,165.07736711668062,22.311158133750066,8,Electronics,Thursday
117,148.26441151473784,39.67245726686886,7,Apparel,Thursday
118,91.5660981190234,16.279554169824635,6,Apparel,Saturday
119,207.14114072575103,68.42864808011352,5,Groceries,Friday
120,187.5966516343387,113.02662615244576,3,Groceries,Sunday
121,189.55159735215233,14.327789473536061,5,Groceries,Thursday
122,104.53062726026306,23.432090541102948,3,Groceries,Friday
123,220.13971554680495,59.74189311117788,3,Groceries,Wednesday
124,79.90744686038596,112.72625192806954,7,Groceries,Monday
125,179.34285469001352,44.777171547442556,4,Apparel,Monday
126,259.5227812904989,65.79582895572317,4,Groceries,Tuesday
127,100.47318374346558,14.57301449554313,6,Apparel,Wednesday
128,121.6851135198614,26.317752105829776,6,Apparel,Sunday
129,154.98256825438207,118.52931352547316,3,Electronics,Thursday
130,124.82621729419004,116.163056607965,4,Apparel,Thursday
131,72.46682844669337,10.543397902785058,6,Apparel,Sunday
132,153.42814874030137,114.69929639655629,6,Groceries,Saturday
133,96.88481431369476,80.30319315970505,6,Apparel,Wednesday
134,173.67962153175907,105.47101239720243,6,Groceries,Thursday
135,104.02878828830984,60.0213841197245,3,Groceries,Tuesday
136,227.496720250877,66.71556314371753,5,Groceries,Friday
137,110.83733538318815,63.77312382826122,2,Electronics,Monday
138,133.89692418971623,83.35506833007148,5,Groceries,Wednesday
139,190.67586086848348,25.36163802319442,3,Apparel,Monday
140,88.45678417830223,13.297094885994575,3,Groceries,Friday
141,161.37299673020647,43.872293575031,5,Groceries,Wednesday
142,215.3571377141214,87.51488390103114,11,Groceries,Friday
143,69.62583827193862,32.20387973352432,7,Electronics,Thursday
144,159.2316929266152,84.0775676657409,7,Apparel,Sunday
145,162.99413971242117,116.69032507179975,4,Electronics,Thursday
146,189.09114358886552,20.329078736836024,1,Apparel,Sunday
147,88.1524644560959,83.98623300476389,4,Electronics,Thursday
148,83.97716934578618,58.812524123502826,5,Apparel,Friday
149,176.09707828084487,105.4956479815256,4,Electronics,Friday
150,164.8492336616593,29.48647683921245,4,Groceries,Friday
151,162.52464251729384,86.1888547448781,7,Electronics,Monday
152,167.3224104748488,102.19268186129213,6,Electronics,Friday
153,115.99876392107547,113.90756414214256,8,Groceries,Thursday
154,161.6126848580502,85.15728311186103,4,Groceries,Tuesday
155,164.65362366493406,64.689224040927,3,Apparel,Friday
156,114.2824290986816,77.96319642213352,0,Apparel,Tuesday
157,243.28872555723783,105.579548292659,4,Apparel,Sunday
158,173.69164604558938,72.76707213027126,1,Electronics,Thursday
159,90.43482513986757,13.342576566652054,4,Apparel,Friday
160,182.82768043169148,112.40435650576755,3,Electronics,Monday
161,101.26591648863393,85.84794261347173,5,Electronics,Monday
162,189.3542301871226,84.41647243549711,6,Apparel,Sunday
163,207.9297789503702,33.724266763748886,6,Apparel,Tuesday
164,108.96588408241448,82.47740172559229,4,Electronics,Saturday
165,198.16880646221608,53.32508462195743,4,Groceries,Monday
166,170.63904634682493,81.63562747456413,5,Groceries,Monday
167,191.1030079997245,21.72523333387898,1,Electronics,Monday
168,244.8396491326974,82.36298350633396,9,Apparel,Thursday
169,137.73059419985648,119.93550983477333,7,Electronics,Monday
170,112.31319178212553,15.303324274661163,5,Electronics,Wednesday
171,105.52427851872383,117.4891602643449,4,Apparel,Friday
172,109.2094857517281,54.759875679515766,5,Groceries,Sunday
173,146.1449145292948,105.78287953709851,4,Electronics,Monday
174,167.0575987408322,96.06240324641008,1,Groceries,Saturday
175,163.83453996650096,72.37178870853346,3,Groceries,Saturday
176,191.35916245180118,91.22941301764591,7,Apparel,Monday
177,150.65009459389535,106.63671174314827,6,Electronics,Monday
178,222.67670385786585,54.455435381613626,10,Electronics,Wednesday
179,136.7671583381022,45.97364777195626,4,Groceries,Monday
180,286.00845832948096,83.43527241199432,5,Groceries,Monday
181,181.28336738825033,98.86305361353844,6,Apparel,Friday
182,107.14212217918588,93.85136482542774,6,Groceries,Saturday
183,96.45537509694438,97.7595013744498,8,Apparel,Wednesday
184,174.12362076215928,57.91416462942263,4,Electronics,Saturday
185,138.82686073370746,99.96176377925238,3,Apparel,Wednesday
186,185.7000247046046,23.222996090766927,3,Groceries,Saturday
187,173.66188122867723,69.89380077569345,9,Electronics,Monday
188,146.35855436715636,10.633452654793373,7,Apparel,Saturday
189,107.66031409657975,45.70444128902973,2,Electronics,Saturday
190,74.25763876570677,50.310768835853764,2,Apparel,Wednesday
191,127.67425239664894,53.57899607701809,4,Groceries,Sunday
192,192.81993971617362,86.50139273588483,6,Groceries,Tuesday
193,160.7046872065102,52.74139113973803,9,Electronics,Wednesday
194,87.71306106440059,59.35629848847837,11,Electronics,Wednesday
195,158.6590462925591,36.12985439617602,4,Electronics,Wednesday
196,169.26586898644183,51.05769707922741,7,Apparel,Thursday
197,105.80712818994334,34.99965899894666,7,Groceries,Sunday
198,157.6862552972764,18.0515516145288,3,Electronics,Thursday
199,152.9104359223,76.37934527195156,7,Electronics,Thursday
200,92.85148510846884,83.50340784105178,5,Electronics,Wednesday
201,167.88936801741417,78.1439380610576,2,Apparel,Tuesday
202,178.03922631841172,60.98434481806296,9,Electronics,Wednesday
203,204.15256215876386,51.77643581971528,6,Electronics,Monday
204,202.69010260174514,104.96670145290078,3,Apparel,Tuesday
205,81.11653160214544,67.09899636498399,6,Apparel,Thursday
206,103.10874800424386,62.71000653927041,3,Electronics,Saturday
207,175.751763360433,12.820627238707925,2,Electronics,Saturday
208,175.68929754561043,47.5372610388772,8,Apparel,Sunday
209,175.7523843153024,51.82151806644428,4,Groceries,Friday
210,342.63657453273606,53.870505898659054,5,Apparel,Sunday
211,178.54452553465836,73.81896061500655,4,Groceries,Tuesday
212,206.77828200902994,68.69628013995663,3,Electronics,Thursday
213,197.70008817466012,76.86956020727891,4,Electronics,Tuesday
214,182.5695625652899,94.13715876963411,3,Groceries,Tuesday
215,134.23653776798272,99.42843125877029,11,Apparel,Saturday
216,187.94846102466337,88.99353838491439,6,Electronics,Wednesday
217,111.35873927312142,115.10760655504282,5,Groceries,Monday
218,138.15906966299957,12.00558409439978,5,Apparel,Friday
219,125.73182260854483,31.53557842519007,5,Groceries,Thursday
220,154.09370696931612,10.831916247595633,3,Apparel,Tuesday
221,265.73292833367543,81.22221855700633,6,Apparel,Friday
222,56.636740370412596,108.78336038449856,4,Apparel,Tuesday
223,184.31300951872566,36.78305262339292,5,Apparel,Saturday
224,69.36420644051742,111.97379992759373,3,Groceries,Monday
225,126.40340671052833,16.629412931851693,7,Groceries,Saturday
226,204.4475298483683,112.78796294860658,3,Groceries,Friday
227,153.21400095477313,48.67849559635979,6,Groceries,Thursday
228,96.1127611035347,21.156291129413816,7,Groceries,Tuesday
229,114.2348145370016,63.44589351049582,1,Apparel,Monday
230,183.97988744673378,38.24542244925587,6,Electronics,Saturday
231,113.48166841414317,41.33601921581151,4,Electronics,Friday
232,160.82292947909875,43.801896141891525,2,Groceries,Saturday
233,152.27859199519068,98.33284876159297,2,Groceries,Tuesday
234,117.41998261970915,69.307740434278,5,Electronics,Tuesday
235,257.19720446626627,44.2438469071604,5,Apparel,Thursday
236,181.69595111590056,77.13671616420102,3,Groceries,Monday
237,48.74287066711965,88.77657416455129,5,Apparel,Wednesday
238,159.32271573847137,39.98864008068871,11,Electronics,Saturday
239,116.9106767615806,55.49040116778867,2,Electronics,Tuesday
240,192.6216667398112,23.40747026706423,6,Groceries,Friday
241,110.37396307836497,29.926428448814836,5,Apparel,Saturday
242,144.26317792665506,84.92296393614811,3,Groceries,Thursday
243,175.24936394902286,29.958218246518964,4,Electronics,Thursday
244,193.2877597085061,67.76797220337662,10,Apparel,Tuesday
245,89.9851796472112,87.9950887894676,1,Groceries,Tuesday
246,133.27493820795257,21.756461540421824,8,Groceries,Tuesday
247,126.25273444195219,72.40434415917939,3,Groceries,Sunday
248,117.3335383713144,38.22190620715001,5,Electronics,Wednesday
249,238.27271201405483,115.92195627613378,4,Groceries,Tuesday
250,170.2490855480478,63.19002113919172,11,Apparel,Saturday
251,86.95580228324775,98.65918047526739,3,Groceries,Saturday
252,195.8930973527388,70.52491963718879,4,Electronics,Sunday
253,256.10780985063167,14.775378614030108,3,Groceries,Sunday
254,201.62326302755736,79.64665131534245,3,Electronics,Monday
255,74.03150170229932,114.65436764273227,8,Electronics,Friday
256,125.78829635668743,76.17730021609643,1,Apparel,Tuesday
257,213.34555745933113,100.11077453694692,5,Apparel,Saturday
258,114.61652671906097,107.26271096832485,7,Groceries,Sunday
259,172.19097140731142,35.08877491438257,3,Electronics,Saturday
260,188.73170267146685,33.32493238990493,7,Electronics,Saturday
261,103.65347642109586,77.20790877360909,5,Apparel,Sunday
262,147.02373219691,55.21313167873752,7,Apparel,Wednesday
263,-12.063367003453635,102.38474331533924,5,Groceries,Sunday
264,98.7806179332855,109.00254357378122,7,Electronics,Sunday
265,137.371592430342,48.876351723298995,5,Apparel,Friday
266,87.61084090175753,36.055761487193024,4,Groceries,Sunday
267,231.62056519658177,95.8578066768248,5,Electronics,Thursday
268,78.49293110196837,40.22866391029497,11,Electronics,Sunday
269,127.99777566515081,100.48757503650462,7,Apparel,Saturday
270,156.53702886430457,56.61120790136391,6,Groceries,Tuesday
271,222.06366445330576,83.43048892206176,3,Apparel,Saturday
272,78.20689244102803,20.5088845218135,0,Groceries,Friday
273,208.15818760774798,78.62452571442303,10,Electronics,Thursday
274,150.51165305097936,59.694444661095204,5,Groceries,Sunday
275,100.92456744760246,74.52693094930216,5,Groceries,Wednesday
276,173.10517371316354,28.481562851934974,3,Groceries,Monday
277,159.9529847786735,91.05611194386003,4,Groceries,Sunday
278,119.98915614206027,104.90767852975515,2,Groceries,Tuesday
279,153.49010424950094,33.84137800998532,2,Apparel,Monday
280,130.734320156912,20.52860110721779,7,Groceries,Wednesday
281,155.6758672625624,12.600244465097003,3,Groceries,Friday
282,183.10653372605233,80.61686504875927,1,Electronics,Friday
283,229.3008408072676,76.78034396976588,3,Groceries,Wednesday
284,88.10922505865756,70.1367153985477,7,Electronics,Saturday
285,256.65166873281333,35.5141805727573,5,Apparel,Wednesday
286,52.39561002387491,52.99965954960661,5,Apparel,Sunday
287,142.41074524822082,75.39239687047903,4,Groceries,Tuesday
288,179.41586032422882,64.64435447450863,5,Apparel,Thursday
289,164.04959338675164,118.6564072236376,5,Groceries,Sunday
290,118.86502400897031,25.008372781240645,3,Apparel,Sunday
291,139.59388748213624,86.46590094523532,3,Groceries,Sunday
292,125.34995326705837,54.47506449147213,6,Groceries,Monday
293,120.53176215278943,57.10195764181762,6,Electronics,Monday
294,192.48010485105124,88.93575422239938,4,Electronics,Friday
295,167.85077429825236,86.16797664568067,9,Electronics,Sunday
296,115.35452023696729,119.03815930724072,6,Electronics,Saturday
297,194.97999377166252,24.123371839953776,5,Groceries,Friday
298,165.36497604383047,21.452061432258297,5,Apparel,Tuesday
299,190.64310594194802,89.67726988416153,4,Groceries,Wednesday
300,181.48144209618061,73.622560870705,10,Electronics,Monday
301,108.55024945389638,40.15767332157864,6,Electronics,Sunday
302,121.99094799015153,18.736130588788527,2,Apparel,Tuesday
303,187.3646802561631,19.42240745560736,4,Electronics,Friday
304,180.51851327167324,108.36099621305301,3,Groceries,Friday
305,148.95492030179258,31.105405719061718,2,Groceries,Monday
306,155.8663691654391,45.57087183270728,5,Groceries,Friday
307,213.88324478942124,34.93220424496868,6,Groceries,Saturday
308,120.4214305582085,49.049593641513106,5,Groceries,Friday
309,177.3548690585019,17.63662270207027,10,Apparel,Thursday
310,139.89036737830529,67.09657699990974,5,Groceries,Wednesday
311,139.11593983863898,17.43738199514364,5,Electronics,Friday
312,204.9388425993595,98.03921586045978,4,Electronics,Thursday
313,191.27081744940148,35.70832901014764,4,Electronics,Tuesday
314,190.67548180003192,69.40131060649617,3,Electronics,Friday
315,215.27394035771647,106.8086996317604,6,Apparel,Saturday
316,151.05019208163796,81.59651059519136,4,Electronics,Tuesday
317,184.0976485647482,68.62535652064687,2,Apparel,Sunday
318,134.4866621703272,45.676712842691316,9,Electronics,Friday
319,166.2083176244221,46.630210436401775,5,Apparel,Monday
320,143.49284728161578,83.64356507180091,9,Apparel,Thursday
321,154.8497982496359,119.35532973432842,5,Apparel,Thursday
322,179.75785127184568,82.80231088343164,5,Electronics,Monday
323,109.08896583832637,71.35617591070275,1,Apparel,Wednesday
324,254.619363784273,90.37155612631707,5,Groceries,Sunday
325,99.6991309250149,61.172617351209,8,Groceries,Saturday
326,89.29056936061339,16.615657686086372,6,Electronics,Thursday
327,207.9055436750034,71.85264974657008,2,Groceries,Tuesday
328,189.5831346981468,115.33878129559183,5,Groceries,Saturday
329,181.20599085260775,29.28332365934256,5,Groceries,Thursday
330,181.417275463214,85.90053799027324,4,Electronics,Sunday
331,149.38766135765428,32.10270575249621,6,Electronics,Wednesday
332,105.13728142570842,68.94104529203894,5,Groceries,Sunday
333,153.7902279096863,20.634409461139157,6,Electronics,Tuesday
334,116.14191442439441,59.540802988400365,5,Apparel,Sunday
335,198.75598667088755,93.17796617847706,4,Groceries,Saturday
336,142.64713092489308,48.23286766628803,7,Electronics,Tuesday
337,108.72514016037442,83.14028969359399,5,Electronics,Monday
338,133.93070791735033,97.4994956868702,7,Groceries,Friday
339,170.6465727137812,111.98956014273979,6,Electronics,Monday
340,121.81377235980126,35.810629004099894,4,Groceries,Saturday
341,108.88898022167842,53.92475073902389,8,Electronics,Friday
342,162.18436057459562,26.765761466345918,4,Apparel,Monday
343,162.24832855543613,119.17318523742128,3,Groceries,Friday
344,124.65284123144352,111.97010647167248,5,Apparel,Thursday
345,126.44808471908387,69.39528433086156,10,Groceries,Sunday
346,161.60249686788183,102.62366238140633,6,Electronics,Tuesday
347,77.59578292513379,67.30537749992465,4,Apparel,Friday
348,79.62681128117224,78.59442568030357,3,Electronics,Thursday
349,114.0777889373782,19.803687532761828,3,Groceries,Sunday
350,139.32764241440765,93.07974625464887,5,Groceries,Sunday
351,165.54537827990023,24.048483199875832,2,Groceries,Wednesday
352,223.76781084747762,100.86743932777813,6,Groceries,Monday
353,192.88298116010097,96.02308964374245,2,Groceries,Wednesday
354,142.00307350182865,87.96191675172741,5,Apparel,Saturday
355,149.04918960486555,13.977641857723832,2,Groceries,Thursday
356,99.87353176810956,43.34411915398615,6,Electronics,Wednesday
357,149.0743432003805,38.942382690192716,3,Apparel,Wednesday
358,135.5670680539931,49.6150048218671,5,Electronics,Sunday
359,166.13592801690447,19.64070214402224,2,Groceries,Thursday
360,108.63845282238385,113.06536053341691,6,Electronics,Sunday
361,175.96732571205862,70.9182464783614,6,Apparel,Tuesday
362,226.6369456501289,43.60767417238259,7,Apparel,Friday
363,144.56199257715713,53.66796687817118,6,Apparel,Saturday
364,170.08558610494708,59.192279455531924,6,Electronics,Saturday
365,184.5071995855556,76.0653766696679,4,Apparel,Monday
366,129.9389764057082,66.72473704661476,4,Electronics,Sunday
367,161.20462409052084,111.1331170535859,7,Groceries,Friday
368,150.62962003908973,64.66598311964133,5,Groceries,Monday
369,154.8838049274416,119.13738163056439,5,Electronics,Saturday
370,111.34951080722668,103.65674535196054,8,Apparel,Friday
371,151.22550871294715,32.93615657930694,4,Electronics,Wednesday
372,174.8999145622725,112.36547361083079,2,Electronics,Tuesday
373,222.5571803897521,22.80030376740237,3,Electronics,Wednesday
374,197.96354130426033,99.91946793403108,4,Groceries,Tuesday
375,257.65912287557785,51.86856228242381,6,Electronics,Sunday
376,111.63262185559753,106.57717524895764,9,Groceries,Thursday
377,193.61603183603393,105.48623591181953,3,Electronics,Monday
378,159.1671002869176,98.65179401293832,5,Groceries,Monday
379,259.4901466608836,96.90334799377675,3,Electronics,Thursday
380,109.58508573224242,43.514705300784485,2,Electronics,Friday
381,108.0139078909612,18.901121135637737,4,Apparel,Thursday
382,120.03036772779889,54.32781966416776,9,Apparel,Sunday
383,43.80521378450966,29.087696648515955,4,Electronics,Saturday
384,123.71224891596195,86.4446197792708,5,Electronics,Thursday
385,112.0433669223151,48.07096991915641,8,Electronics,Tuesday
386,157.51968932381038,117.31712209459064,8,Electronics,Saturday
387,167.08779878885798,80.50692850798652,5,Apparel,Thursday
388,243.80854196079432,100.47286199977971,3,Groceries,Monday
389,197.5211919093025,24.577714001603326,9,Electronics,Wednesday
390,121.15481721687985,104.82159304998848,2,Apparel,Tuesday
391,105.0792664325821,111.50329095647338,8,Electronics,Sunday
392,174.59595857532528,63.57681107008295,7,Electronics,Tuesday
393,83.9883396489679,76.68782315260752,6,Groceries,Friday
394,241.57293829271768,94.1290780993295,9,Electronics,Wednesday
395,208.97200603606436,29.23224899864538,3,Electronics,Tuesday
396,126.54121739476476,65.28226841097867,6,Groceries,Thursday
397,64.34327354545613,53.85293305495444,7,Groceries,Tuesday
398,217.69361870827066,26.1011391378474,7,Groceries,Tuesday
399,144.2730077373691,50.42878645206846,5,Groceries,Tuesday
400,211.8908155986731,17.498954032404292,5,Apparel,Friday
401,70.27861706028165,12.839309764443568,1,Apparel,Tuesday
402,120.03124885231136,24.868291807030502,7,Apparel,Tuesday
403,150.26218498590916,115.94266227480912,4,Electronics,Friday
404,152.3490296882371,70.44824894845186,7,Groceries,Saturday
405,127.49672642603781,116.2404377268542,5,Groceries,Wednesday
406,181.14249661737495,57.57476661631452,5,Apparel,Sunday
407,96.61897853087028,44.299774639378555,3,Electronics,Saturday
408,142.88102574893531,65.67560491242685,5,Electronics,Monday
409,156.01478158559493,58.346285749620115,5,Electronics,Friday
410,175.72194170293744,21.623115268791828,4,Apparel,Friday
411,185.5807439044445,80.49089461592268,3,Electronics,Tuesday
412,93.76789540810654,33.76420007605596,3,Electronics,Tuesday
413,73.29429146321888,78.15467503876125,5,Electronics,Sunday
414,213.88384109492546,81.52212016379687,10,Groceries,Monday
415,166.61570059897957,26.722733844151293,2,Apparel,Tuesday
416,112.57567317217232,16.748458982173496,5,Groceries,Thursday
417,227.55759877612616,95.88377446752838,3,Groceries,Tuesday
418,155.78373171464293,60.57804661462522,4,Apparel,Tuesday
419,208.96485920319134,16.398017505602336,6,Groceries,Thursday
420,153.37592407050545,119.43529488867439,3,Electronics,Monday
421,253.03739624409934,16.35586170960033,4,Electronics,Thursday
422,237.7670421221602,86.45387517444085,4,Electronics,Friday
423,137.55179257604632,118.2046817789755,5,Electronics,Thursday
424,198.57854754771776,36.309811463751814,8,Apparel,Wednesday
425,182.2687974792574,25.64743055559158,5,Groceries,Friday
426,218.43157787661744,23.35234333646718,6,Groceries,Tuesday
427,101.75382697099478,43.360266232435514,3,Electronics,Sunday
428,184.30257299992195,21.115039211171137,4,Electronics,Friday
429,202.92122434247938,86.13774758635451,5,Groceries,Monday
430,62.063025678844284,16.852097794306896,6,Apparel,Monday
431,90.83707436671125,66.03643409647687,7,Groceries,Thursday
432,48.03839111199497,119.63665392382745,5,Electronics,Friday
433,136.5296582777721,99.53672964566206,2,Electronics,Tuesday
434,185.8771127897981,77.6741382054112,6,Apparel,Monday
435,225.11785260480139,43.687898286527286,4,Groceries,Saturday
436,153.70473902098877,78.62854199208023,2,Apparel,Tuesday
437,231.4307772785646,67.97456103028168,4,Apparel,Saturday
438,80.99492708925543,56.869172227940865,2,Electronics,Wednesday
439,64.83087803224227,24.378141441421942,3,Groceries,Saturday
440,147.22261505516906,107.52646367645134,4,Electronics,Monday
441,169.20327244696537,59.47631137034548,7,Groceries,Thursday
442,148.36526259529535,31.408476300284157,5,Electronics,Wednesday
443,46.62789499800617,50.453528596501855,5,Electronics,Friday
444,145.54399802436058,55.554272778181975,7,Groceries,Tuesday
445,84.77652497475734,101.02916851235618,9,Groceries,Monday
446,183.48362744150194,90.69758186175423,7,Electronics,Wednesday
447,168.32991230484242,94.62353830054738,6,Groceries,Wednesday
448,103.00601068363224,11.213439087151194,6,Electronics,Monday
449,124.30665413316532,55.776939799773764,9,Groceries,Friday
450,97.03932390555242,62.9478566798856,2,Electronics,Friday
451,146.8660451363414,12.111150450536236,3,Electronics,Thursday
452,197.75711602506192,38.57945296195376,9,Electronics,Sunday
453,100.71369768322282,93.63188054343485,3,Apparel,Saturday
454,175.20232577589223,25.082067630189897,8,Groceries,Friday
455,123.48711908137795,68.88411445978508,5,Electronics,Thursday
456,110.35635838688279,33.67220592189612,4,Apparel,Saturday
457,144.64848200227212,11.33328521082826,9,Electronics,Wednesday
458,98.2378838790313,36.53216033594956,2,Apparel,Monday
459,122.3175347326409,117.34611304010592,5,Electronics,Friday
460,90.10610537055757,98.16908230712886,10,Electronics,Thursday
461,248.23625664581948,115.55343087531368,5,Apparel,Wednesday
462,151.76317759858642,63.66394483189987,4,Apparel,Friday
463,115.01372460037072,22.070981854525385,7,Groceries,Tuesday
464,160.6989955367111,70.27554378710622,3,Groceries,Sunday
465,144.38359751545852,59.9815068015957,6,Apparel,Wednesday
466,138.95152002333884,102.87927910135775,3,Groceries,Friday
467,180.70833500217125,20.789083886266905,3,Apparel,Wednesday
468,187.87538550236525,63.7065250723956,4,Groceries,Monday
469,123.47494261947362,26.50535311633827,1,Electronics,Monday
470,121.209087967766,45.714351957906594,2,Groceries,Sunday
471,136.2474151424178,91.10927851265797,4,Electronics,Monday
472,34.90394176322076,62.36199423056432,5,Electronics,Saturday
473,74.24044689007239,51.34771136603462,8,Groceries,Tuesday
474,218.34371337222623,53.39239064270389,7,Apparel,Monday
475,232.24838567506418,60.53914452465853,7,Electronics,Tuesday
476,137.54819802218108,96.35181982207625,2,Electronics,Monday
477,178.8278481527883,108.12931578342578,6,Groceries,Saturday
478,165.5625077271768,115.08681551543211,8,Apparel,Wednesday
479,303.9440404227619,96.55937248808246,6,Apparel,Friday
480,205.97874557172884,44.6947585322814,4,Groceries,Friday
481,143.60412042596167,85.69481766951964,4,Apparel,Monday
482,102.22297796997871,58.13634364609311,4,Groceries,Friday
483,69.67768398712137,38.01376842506563,1,Groceries,Monday
484,160.17318179336115,102.4958737368515,6,Groceries,Monday
485,112.18246273578484,14.22689838585575,8,Electronics,Sunday
486,78.88731452011629,109.19381913489659,7,Electronics,Thursday
487,117.67135578787367,60.762521108720755,7,Electronics,Thursday
488,95.92259981928025,80.09216244891084,6,Groceries,Sunday
489,234.35708175362822,82.5289314426361,6,Electronics,Thursday
490,194.08198784747253,108.462951477719,4,Electronics,Tuesday
491,149.60136793416913,80.03366503839281,3,Electronics,Thursday
492,223.99720694450127,77.53269432360679,6,Groceries,Monday
493,153.8684153823809,17.331724461675897,3,Groceries,Saturday
494,106.93578993358682,67.02488241397245,10,Groceries,Saturday
495,226.15620386348286,26.518590089874582,5,Electronics,Wednesday
496,176.94550218423294,91.11771455936342,6,Apparel,Thursday
497,98.13769228367718,66.3444112893942,6,Electronics,Saturday
498,140.4830660958196,84.82505571291887,4,Electronics,Thursday
499,106.21908733076214,14.584019066262268,6,Groceries,Wednesday
500,80.8600134517832,19.327121765038356,5,Groceries,Saturday
501,196.30887737658207,88.79557268689504,3,Electronics,Monday
502,245.47083202350652,17.92927695985407,2,Electronics,Tuesday
503,80.07162130904294,17.838240054178446,3,Apparel,Sunday
504,178.14846183452855,11.33193227583762,2,Apparel,Sunday
505,117.46787154390864,115.21515381294282,8,Groceries,Sunday
506,125.6437308117652,91.12591954049077,7,Apparel,Thursday
507,120.38030378805654,48.85765493522706,4,Apparel,Saturday
508,106.8004615160092,42.61891394164208,3,Groceries,Saturday
509,152.42608139724135,48.46735527204345,3,Apparel,Wednesday
510,108.45249417944811,95.21188842993,6,Electronics,Monday
511,163.52284128899194,82.75076721774559,5,Apparel,Friday
512,147.48809452754315,30.371512465421475,1,Groceries,Saturday
513,138.05259765667952,29.15202688674928,8,Electronics,Tuesday
514,104.6218168979201,20.823521468473704,9,Apparel,Wednesday
515,121.16143347158336,82.6332991671472,4,Electronics,Saturday
516,187.7695612912878,94.08099284439095,7,Electronics,Saturday
517,175.04585938121903,39.15510711575044,3,Apparel,Wednesday
518,101.12223776007244,12.30394571340041,7,Apparel,Wednesday
519,154.9666152714613,19.038883422407007,5,Groceries,Thursday
520,187.56935616858945,116.46460383295336,6,Groceries,Saturday
521,66.52973594393141,42.49892552251623,8,Electronics,Friday
522,177.16800961899676,94.6145462621947,2,Groceries,Tuesday
523,116.86881205270767,78.71299257396902,4,Electronics,Monday
524,178.52993342965797,52.01336036181855,9,Electronics,Monday
525,111.83704217287416,32.625598841511064,4,Groceries,Friday
526,59.75589496677405,23.352505997534706,4,Groceries,Wednesday
527,68.62287810584186,77.65142648427533,3,Groceries,Wednesday
528,152.4042473330691,95.20971587015667,4,Apparel,Wednesday
529,162.98612508607408,80.82946788952438,4,Electronics,Saturday
530,104.78416874477958,68.33323465740742,6,Electronics,Wednesday
531,181.9296229388687,14.61463457747999,7,Electronics,Wednesday
532,66.923996886552,116.53376553538222,3,Groceries,Saturday
533,146.69601006763418,97.8585610820032,6,Groceries,Saturday
534,89.44919001187716,42.21042403710612,8,Groceries,Friday
535,117.40819460989204,117.79673622947357,7,Groceries,Thursday
536,152.3699335658207,76.20697485999543,3,Groceries,Saturday
537,106.97933173580239,74.06649240279711,4,Apparel,Tuesday
538,130.77222278850874,92.28804973724853,6,Groceries,Wednesday
539,200.31464046072202,99.29467668991514,8,Electronics,Thursday
540,121.15540652384256,82.21264680646529,3,Groceries,Monday
541,191.7846056032571,24.090532100282005,4,Electronics,Friday
542,93.51465726711909,47.209425659394824,3,Groceries,Thursday
543,176.49020889576414,112.08920043586546,8,Groceries,Saturday
544,222.07843103289503,34.70771730282371,1,Electronics,Wednesday
545,26.417774993635533,50.938372622126465,3,Electronics,Wednesday
546,110.15523722647616,57.52845712386156,7,Electronics,Wednesday
547,178.853606359027,58.33454886638974,5,Electronics,Thursday
548,139.84773069785035,77.4233540743978,9,Apparel,Wednesday
549,168.55729366856545,113.73834215191783,5,Electronics,Saturday
550,119.80074066420897,36.47619830157555,4,Groceries,Thursday
551,154.329489373645,23.365151393100987,5,Groceries,Wednesday
552,142.216138230396,31.721753884593106,7,Apparel,Monday
553,208.38910308299037,107.56173902301964,3,Electronics,Monday
554,162.72104216506065,81.03918939207266,6,Groceries,Tuesday
555,166.8801331037601,41.44974681630761,7,Apparel,Wednesday
556,129.40615169387664,99.7541632865479,4,Groceries,Wednesday
557,125.61968879637533,104.75069959997796,4,Apparel,Thursday
558,128.37209060901895,103.11657725593058,4,Apparel,Thursday
559,169.72260711891485,111.081918700351,3,Electronics,Sunday
560,128.95077595898687,37.74651221906977,4,Apparel,Wednesday
561,164.48874284482065,93.0546121620906,2,Groceries,Tuesday
562,253.77003993227194,60.6593447001554,7,Groceries,Wednesday
563,193.5562351715846,102.61984081790676,6,Electronics,Saturday
564,133.69882339160793,90.13397448777745,7,Electronics,Thursday
565,210.06069610819725,95.40921911496972,5,Apparel,Wednesday
566,129.59623134892243,82.17780214491786,4,Electronics,Thursday
567,48.0937732411073,29.517164641667755,5,Groceries,Wednesday
568,99.5956844541298,69.95296107866321,4,Groceries,Friday
569,56.46040394870721,118.3136713476959,7,Electronics,Thursday
570,132.42432579793456,113.11268731468309,5,Electronics,Tuesday
571,150.92091895947758,14.749110937671283,6,Electronics,Friday
572,233.82186561376415,28.129629730238083,5,Apparel,Saturday
573,166.34636868820814,24.49016508000181,2,Apparel,Wednesday
574,139.04497355955678,89.85779009838251,4,Groceries,Sunday
575,191.47027905917446,99.95638628426396,4,Apparel,Saturday
576,39.44323454960575,33.486250294173914,6,Apparel,Thursday
577,161.7807279054283,65.64379622470119,11,Apparel,Friday
578,188.54325969434834,102.477333081232,6,Apparel,Saturday
579,76.07068771100792,90.60816992428757,8,Groceries,Tuesday
580,207.18770216034645,69.6460926041033,5,Electronics,Sunday
581,166.9248203747207,74.93824595046502,3,Groceries,Thursday
582,129.23560430495994,65.9196601607908,5,Apparel,Friday
583,181.63909330531425,42.73032964507026,1,Electronics,Saturday
584,263.5346428902198,72.15241921449177,8,Electronics,Friday
585,159.09331275292476,85.77738322550998,6,Electronics,Friday
586,162.4110293150168,106.06552074468884,4,Groceries,Saturday
587,127.0319550229878,79.99204893771729,7,Electronics,Monday
588,107.50778152676041,93.72336907474738,1,Groceries,Wednesday
589,191.51679082721228,27.60787984500303,7,Groceries,Thursday
590,107.19580870455664,60.77132218617689,3,Apparel,Thursday
591,153.57831186096962,11.026478180980263,9,Apparel,Sunday
592,126.11712766174416,37.13467509737853,4,Electronics,Sunday
593,173.9489912873196,89.91078866243053,2,Electronics,Sunday
594,166.6831052643474,119.09909464842998,4,Apparel,Thursday
595,201.87699721289496,20.90959095459375,6,Groceries,Friday
596,124.49918005726265,54.16437474474171,2,Groceries,Sunday
597,136.50625323533143,98.00780655690754,1,Apparel,Saturday
598,101.06181421088463,32.44391980917887,7,Groceries,Wednesday
599,127.78533699619442,71.05934442325149,7,Apparel,Tuesday
600,168.8650246522426,90.63784256326423,6,Apparel,Thursday
601,187.8494308322676,77.75839952861969,8,Electronics,Saturday
602,103.89173379111872,30.682720807695773,7,Electronics,Wednesday
603,193.480296005283,49.09230255543134,5,Apparel,Wednesday
604,217.78189294024753,96.2170962933937,6,Electronics,Monday
605,170.67174516118504,70.96491655452184,6,Apparel,Saturday
606,243.8397906279033,10.575257489720402,7,Groceries,Thursday
607,111.31054004482135,93.70898360309032,6,Groceries,Sunday
608,87.76726483442914,13.884249043426298,3,Groceries,Friday
609,61.06398755478607,92.03071610043554,3,Groceries,Sunday
610,224.80221557445915,32.272861618176115,1,Apparel,Wednesday
611,182.71828281770289,115.38808281313182,5,Groceries,Wednesday
612,147.22076645447726,50.47348264322929,3,Groceries,Tuesday
613,163.998431315991,45.962477797188704,9,Groceries,Sunday
614,93.72554763508117,26.377685536568915,8,Groceries,Monday
615,272.2875989808413,43.616463703923635,4,Apparel,Wednesday
616,156.46105909876138,106.43158380110206,2,Groceries,Wednesday
617,155.46973973024464,119.59677713899721,3,Electronics,Friday
618,186.28833119493459,50.51404835575332,2,Electronics,Friday
619,174.05046158683567,59.34716940499968,4,Electronics,Tuesday
620,161.19420121395657,89.42780320230108,4,Electronics,Saturday
621,110.47627722773441,107.4815358511582,5,Electronics,Tuesday
622,173.57341785679978,75.23487676054626,8,Electronics,Tuesday
623,244.1012248237517,53.067826799561225,6,Apparel,Friday
624,217.2710023077489,55.388402493348615,3,Electronics,Sunday
625,229.65933133196984,86.51799611464875,5,Groceries,Sunday
626,124.43921617844074,10.354008996470656,6,Electronics,Sunday
627,100.51975898707096,78.15482712058248,3,Apparel,Saturday
628,143.7106539950176,49.10423114854931,8,Electronics,Friday
629,152.78624561443473,97.36170644047927,8,Groceries,Monday
630,204.70957592354742,20.22897038054454,5,Groceries,Thursday
631,65.37676851425903,74.70224936432295,4,Apparel,Thursday
632,226.47751597303068,62.907017887473614,2,Apparel,Monday
633,142.09960507105052,80.65580784957501,6,Apparel,Sunday
634,128.655946502629,17.13389539312652,5,Apparel,Thursday
635,99.39478123699163,73.79821661709444,6,Electronics,Saturday
636,67.25716640671153,71.7633046755476,7,Electronics,Friday
637,191.15852919809572,71.6726103857788,3,Groceries,Thursday
638,153.6658983594202,76.38364332561002,9,Apparel,Saturday
639,85.5019550129473,84.41147309489985,2,Apparel,Friday
640,85.2460613968192,98.54878996488468,0,Electronics,Saturday
641,133.21076503549358,39.68027921410358,6,Apparel,Monday
642,233.45107626446963,100.75543511980683,4,Groceries,Tuesday
643,137.02043243181976,64.80812504897989,6,Groceries,Monday
644,74.8428523440947,18.476410704776427,4,Apparel,Thursday
645,137.71284679570277,16.44060221683771,5,Groceries,Friday
646,136.36382151261648,46.766215056566686,2,Groceries,Saturday
647,15.155667852921425,96.33866748226143,5,Electronics,Thursday
648,147.28525667410938,87.84490282150074,4,Groceries,Thursday
649,138.4532734895661,96.7476461139647,3,Apparel,Tuesday
650,184.8103182406709,66.89959620857704,5,Apparel,Sunday
651,242.44780474726724,58.42188977510396,3,Groceries,Thursday
652,206.32825147738788,26.219777937691234,3,Apparel,Tuesday
653,136.55556547225848,46.10120289702427,4,Electronics,Friday
654,94.67370456291648,57.74213027912628,8,Groceries,Friday
655,278.667990162493,19.746047264757895,5,Groceries,Saturday
656,152.9609217007244,34.26731479823324,4,Groceries,Sunday
657,150.6964645956473,75.80478234701127,4,Apparel,Tuesday
658,148.79374564449984,90.92294256631088,4,Apparel,Monday
659,159.90423803839275,119.81822625322447,4,Groceries,Friday
660,142.78197940380286,112.64246644779135,7,Apparel,Sunday
661,121.31689965598818,80.68217194887107,8,Apparel,Saturday
662,122.6570529379804,56.33728586234792,7,Groceries,Monday
663,148.3623364892001,79.9795101179056,3,Groceries,Friday
664,122.82876144331175,96.42167798882552,6,Apparel,Friday
665,114.35771086614179,23.016981001572603,6,Groceries,Saturday
666,155.32151138459483,55.089537866591705,4,Groceries,Saturday
667,137.25113912895725,102.37825141991789,6,Groceries,Wednesday
668,225.1996494291344,52.22162471263484,9,Groceries,Thursday
669,17.45150958034941,72.90594983499051,6,Apparel,Thursday
670,204.57534259612308,74.6546296948418,4,Groceries,Monday
671,212.30425962488147,30.29238784470033,6,Electronics,Thursday
672,46.33048837959252,49.84589858175172,7,Groceries,Monday
673,132.86562029598255,46.796241761612535,4,Electronics,Sunday
674,131.42795670021042,12.881637938527128,3,Groceries,Friday
675,79.62441526410893,12.661094028049078,4,Electronics,Wednesday
676,111.10916562045624,101.48667480433508,5,Electronics,Wednesday
677,94.47120772670857,40.037789097009366,3,Groceries,Friday
678,237.61352217118113,66.9886642862697,5,Groceries,Saturday
679,196.78391965737305,42.85981309476504,3,Groceries,Tuesday
680,213.57775474970794,113.47471696268745,5,Electronics,Tuesday
681,186.08360320216175,38.522643475235114,5,Apparel,Thursday
682,93.54741143913854,57.26224940128286,5,Apparel,Saturday
683,123.77398668601131,106.0003275533062,6,Groceries,Monday
684,174.4687280613959,102.61269234709896,6,Apparel,Sunday
685,88.89360955540273,30.471155963090506,6,Apparel,Wednesday
686,185.6499215086194,98.29076407752815,5,Groceries,Thursday
687,137.98373009209325,60.40055754116819,7,Electronics,Friday
688,131.25895962252014,63.12657592938908,3,Groceries,Saturday
689,185.54799841017456,24.682796965753816,5,Apparel,Wednesday
690,172.213165574302,18.866166513283712,7,Electronics,Monday
691,131.951691709046,90.07332376711418,2,Apparel,Monday
692,207.9664901682124,64.61072675908298,8,Electronics,Tuesday
693,95.94683362000514,58.053577287669754,4,Apparel,Thursday
694,180.7967803472132,90.24590515176364,2,Groceries,Friday
695,179.6550628984192,94.20641888902207,5,Apparel,Wednesday
696,134.5226780343005,27.47989844362889,5,Apparel,Sunday
697,166.3066511121059,77.12476644254055,4,Electronics,Monday
698,87.44432118073485,24.888949050545406,6,Apparel,Wednesday
699,196.20135096034505,92.65125946319502,8,Groceries,Friday
700,140.75489317785053,82.26506718938535,4,Groceries,Wednesday
701,123.86384897404803,115.22760831918038,3,Groceries,Thursday
702,202.45046129184448,17.58538179920633,6,Electronics,Tuesday
703,114.78281547286204,16.276019326637975,4,Electronics,Wednesday
704,79.57693518182202,41.040578216252015,2,Apparel,Saturday
705,72.16854132380482,38.787625210949656,3,Apparel,Tuesday
706,180.30049756728198,37.16766789791998,1,Apparel,Friday
707,85.97853237518585,109.68800385731403,9,Electronics,Tuesday
708,237.73970909921823,37.45008198344567,5,Electronics,Wednesday
709,45.9035296058139,39.91446987414941,3,Apparel,Wednesday
710,234.8228184145019,93.53380886597601,4,Electronics,Saturday
711,160.5508733601309,59.4713826695594,3,Electronics,Monday
712,145.16434440648038,95.43816126506994,4,Groceries,Saturday
713,122.75404565955252,17.190277332082378,6,Groceries,Wednesday
714,169.95680571760354,63.632831304072276,4,Apparel,Sunday
715,148.11826487875757,13.69749602016109,2,Apparel,Tuesday
716,205.16509410082608,16.891852380089,6,Groceries,Saturday
717,155.711382433102,109.7081198678852,3,Electronics,Saturday
718,157.5150880730939,25.316990822935466,6,Apparel,Sunday
719,131.81938938930722,68.56627505027387,2,Apparel,Sunday
720,147.15271881394662,55.22051628607772,8,Apparel,Sunday
721,165.39008844460295,48.20776588847269,3,Electronics,Monday
722,64.49158036716872,108.98166802559997,6,Groceries,Wednesday
723,82.59072889471435,12.400573645303846,4,Apparel,Wednesday
724,187.16320470113575,83.0168654793148,5,Groceries,Friday
725,158.54327190639708,115.97338776349055,6,Groceries,Monday
726,140.80083318236603,71.61850018080261,1,Electronics,Friday
727,150.92169665326966,113.0504708236401,5,Electronics,Friday
728,167.37908526808354,15.748366721462615,7,Electronics,Friday
729,123.01201598453193,56.067265098157755,6,Electronics,Thursday
730,111.08476372988437,38.617357005825625,6,Electronics,Friday
731,159.79226275488406,90.39030614788028,7,Electronics,Saturday
732,101.0813611192484,117.94267995469713,4,Apparel,Tuesday
733,170.4126377857236,38.21830686886726,3,Groceries,Saturday
734,64.87081978810798,81.95920616214819,8,Electronics,Saturday
735,201.45778186628218,31.790739603571414,4,Apparel,Wednesday
736,173.62987412065215,72.18632800287709,5,Groceries,Thursday
737,162.80148671569378,61.032573535716985,5,Electronics,Friday
738,199.1345491972757,116.92058625946908,3,Electronics,Wednesday
739,233.27372222312883,76.93799999661132,9,Apparel,Monday
740,200.7185032509065,48.445700929550064,8,Groceries,Monday
741,57.95628843341774,22.55053633767267,6,Electronics,Wednesday
742,86.02115166321492,26.6371511608428,3,Groceries,Tuesday
743,118.75907111521606,34.78486229463586,5,Apparel,Wednesday
744,151.3045525105417,37.60633274743278,5,Electronics,Wednesday
745,175.88295102345614,103.56776636252516,5,Groceries,Thursday
746,113.71280934232672,71.73450671107774,3,Apparel,Monday
747,159.33833822385392,67.5730002511803,7,Apparel,Monday
748,112.23085338233388,22.624575905613924,3,Electronics,Friday
749,119.42410985040259,104.61536626843784,0,Groceries,Saturday
750,79.66694515758888,89.50957335293322,6,Electronics,Wednesday
751,103.8383376944548,17.443519809000172,6,Electronics,Wednesday
752,82.41576971918332,87.86186069527456,4,Groceries,Tuesday
753,101.20633735113336,69.78920390769107,5,Groceries,Sunday
754,202.682089830392,18.989788032145608,9,Groceries,Sunday
755,102.53005555840285,60.41307056815221,5,Apparel,Monday
756,281.61910324186954,63.316591584305165,4,Apparel,Tuesday
757,174.66589504404448,28.23519941796033,3,Groceries,Thursday
758,159.2418061847437,114.02679617003105,6,Apparel,Friday
759,107.08211099093933,103.49729086287282,2,Electronics,Tuesday
760,185.01549397044957,83.59245710620192,6,Groceries,Monday
761,121.2181086881113,60.85251171006679,6,Electronics,Thursday
762,156.10049073226807,55.294209574295934,6,Groceries,Wednesday
763,278.00422691343977,81.60708138660496,5,Electronics,Thursday
764,145.1970050137675,69.99750563475959,3,Groceries,Saturday
765,207.46366631428378,16.850041647007416,4,Electronics,Tuesday
766,114.84117874370563,66.37529136473648,4,Groceries,Monday
767,148.25057547515192,98.70439789561235,5,Groceries,Tuesday
768,238.5400317817755,60.51638653566538,4,Apparel,Wednesday
769,118.65164711061163,15.715223530969524,4,Electronics,Sunday
770,240.62242789984646,96.49060193224364,5,Apparel,Wednesday
771,185.38759677277378,32.15001603495718,5,Electronics,Monday
772,121.87666120528661,38.448291837684266,5,Apparel,Saturday
773,181.62038695277604,28.11769887755255,7,Groceries,Friday
774,198.6277224813365,46.32365713586473,3,Apparel,Thursday
775,181.0904981108598,93.24266562574985,2,Apparel,Thursday
776,71.48876400547718,67.13244454543312,4,Groceries,Wednesday
777,113.64314120875656,32.53694015657838,4,Apparel,Tuesday
778,137.62406822242477,106.56130859672449,6,Groceries,Sunday
779,146.2783285449977,106.7540040446682,3,Electronics,Tuesday
780,181.0336048775339,105.76362675506076,5,Apparel,Saturday
781,158.88505004666268,36.26758325196932,5,Groceries,Friday
782,83.23278206449494,59.63632785990869,5,Groceries,Tuesday
783,169.00989255029816,118.34886217549627,5,Apparel,Thursday
784,180.52928726419117,94.92137239409894,3,Electronics,Sunday
785,177.989522396552,12.98841633481158,10,Apparel,Tuesday
786,204.0390362777311,17.172505038654126,5,Groceries,Sunday
787,191.6961077274452,61.03245144935661,4,Electronics,Friday
788,172.95900396142184,110.01422264477162,4,Apparel,Thursday
789,146.49171442706765,69.25719777479856,7,Groceries,Sunday
790,66.95195332420043,64.75937588377192,3,Apparel,Tuesday
791,171.4809109566293,21.602106995229363,6,Electronics,Thursday
792,160.38438435815556,82.24581151967234,2,Electronics,Wednesday
793,163.57894185976866,100.4313476660248,4,Electronics,Wednesday
794,86.16257120898453,51.84620082583186,4,Electronics,Saturday
795,95.94717297958688,95.31730360178602,4,Electronics,Wednesday
796,202.6576426666452,116.09243192908927,8,Apparel,Tuesday
797,148.02224230716726,32.4143105040458,5,Electronics,Friday
798,184.07503486863123,67.56625943142154,8,Electronics,Thursday
799,151.41591880652305,41.58517538930331,5,Groceries,Sunday
800,151.48780697478725,97.21398609372233,7,Electronics,Monday
801,196.9141902987999,73.53527024692733,8,Groceries,Wednesday
802,124.19776358913131,79.80406593053341,3,Groceries,Wednesday
803,154.80603884704917,97.77055755774835,4,Groceries,Monday
804,126.88623556474788,53.55675199287004,6,Apparel,Sunday
805,128.27518862838423,110.65990752477475,4,Apparel,Sunday
806,134.54139382656803,68.6331753970754,4,Groceries,Monday
807,161.10668858168563,27.37503051188828,6,Apparel,Sunday
808,126.06256891682614,86.54890299856827,2,Electronics,Tuesday
809,212.78780627867604,97.25874854820799,4,Apparel,Sunday
810,105.26963488902481,44.84378447742793,2,Electronics,Thursday
811,140.65641779193206,104.28971826986283,8,Electronics,Sunday
812,128.01344708629125,109.6757580242343,7,Apparel,Wednesday
813,222.34889421768665,40.45949361155898,2,Apparel,Friday
814,159.82773882557873,118.18736199867443,5,Groceries,Tuesday
815,201.59222697343174,25.478268085363425,6,Apparel,Tuesday
816,75.7219813481514,32.2217235242739,7,Apparel,Sunday
817,163.35251329346295,30.264732316182872,7,Apparel,Friday
818,194.48153978117185,108.33886810086575,7,Electronics,Friday
819,154.1141994637712,81.97218075574581,6,Electronics,Saturday
820,203.27401875326757,26.731471154450016,5,Electronics,Friday
821,124.13557749498139,58.43557602051839,5,Groceries,Sunday
822,220.467372009279,77.68278275767823,8,Groceries,Sunday
823,264.9449061809625,19.18104934883216,7,Groceries,Monday
824,131.85807197801705,107.06580052480726,4,Electronics,Wednesday
825,127.7248739299614,98.39638889856887,5,Apparel,Saturday
826,222.66922385588504,65.5727450934302,8,Groceries,Sunday
827,228.97860728653563,116.38392767850874,5,Groceries,Monday
828,123.85699864233658,55.953707720260965,2,Electronics,Saturday
829,128.99065914520713,118.25213509401476,3,Groceries,Wednesday
830,135.91076955697463,83.47119986839898,7,Apparel,Saturday
831,82.77747444828614,79.81384005793356,3,Electronics,Monday
832,104.06740267579009,28.25503848253635,8,Electronics,Thursday
833,99.7929616623966,107.01205341351084,1,Apparel,Sunday
834,111.61012174479359,57.023865671267664,5,Apparel,Wednesday
835,148.26575563066095,27.84567463607273,3,Apparel,Tuesday
836,161.71073662682605,11.386827197333494,5,Groceries,Wednesday
837,227.52502464070386,71.57312520022208,5,Apparel,Wednesday
838,100.08229796306046,68.0139584334944,2,Electronics,Wednesday
839,199.21611992382918,89.12889846060745,7,Apparel,Thursday
840,139.30055778872455,107.92838583195824,2,Electronics,Sunday
841,147.52681451737834,18.73472431073325,4,Electronics,Monday
842,183.7409746083302,90.46461393743986,5,Groceries,Sunday
843,93.86389892188507,30.615313850734044,4,Apparel,Tuesday
844,169.12048730920253,104.39947584728803,4,Groceries,Monday
845,158.3226104106528,100.09698652478217,5,Apparel,Saturday
846,174.62256320040746,69.48731304840987,4,Apparel,Saturday
847,164.4584321953909,88.12670784856427,4,Apparel,Saturday
848,272.7650069955447,44.57851245021232,5,Apparel,Monday
849,118.1130007874342,61.82846888260961,7,Apparel,Friday
850,123.45015224990911,100.38005874815188,6,Electronics,Thursday
851,118.84297367876178,60.51917168905353,6,Electronics,Friday
852,122.22614404198727,49.357809185798594,8,Apparel,Sunday
853,118.13064363467412,64.36336919753299,5,Electronics,Saturday
854,209.4508265553776,101.10741776809402,2,Groceries,Thursday
855,221.02521239949274,46.872885210796,4,Groceries,Monday
856,121.46268531252619,29.11377524493182,6,Groceries,Saturday
857,108.38222134478856,88.32154223638588,3,Apparel,Monday
858,173.5707778193202,100.857603397889,3,Apparel,Thursday
859,122.38884778595144,21.070122637588668,5,Electronics,Monday
860,181.64659088777555,36.386152403153915,5,Electronics,Monday
861,160.14615104256498,25.61691887370933,6,Electronics,Tuesday
862,74.2127942501384,48.27355527403833,2,Groceries,Sunday
863,227.37526006650307,59.538607679595394,6,Groceries,Friday
864,239.7938836547761,92.37089706596372,4,Groceries,Friday
865,119.36056547578069,81.62623433698415,3,Groceries,Friday
866,130.6149220032008,78.30214242262743,4,Electronics,Wednesday
867,164.29326953624525,48.761244127061985,2,Apparel,Tuesday
868,166.72283949935124,102.55923083932359,6,Apparel,Saturday
869,182.92721363364151,61.8415884137981,8,Groceries,Saturday
870,250.5102269383175,117.70154318166699,5,Apparel,Saturday
871,141.15263862529753,79.75563521253105,6,Apparel,Friday
872,110.08513777307732,23.8891215720953,5,Apparel,Sunday
873,81.03403859927364,84.37953182829774,5,Groceries,Friday
874,113.45349800290404,45.76144169748689,6,Electronics,Sunday
875,148.34365135631015,85.49599163547072,4,Electronics,Tuesday
876,239.7278931758894,17.66052629786463,4,Apparel,Sunday
877,124.11943504819143,29.236958089355532,5,Electronics,Monday
878,161.18939758194492,104.13109847963649,5,Electronics,Friday
879,149.1788551963624,34.98975127258664,4,Groceries,Saturday
880,209.4196636724042,102.07452377672341,4,Groceries,Monday
881,276.3466212936811,40.72036972998515,7,Apparel,Friday
882,123.45656135398397,80.71701010645783,5,Apparel,Thursday
883,125.52802787408889,86.35656308608141,4,Apparel,Wednesday
884,202.2080438534536,66.39202284595582,3,Groceries,Friday
885,184.09457448131556,43.58417443664044,9,Electronics,Thursday
886,242.33536628680167,33.390881400820575,6,Groceries,Tuesday
887,179.1964092662982,13.650829001866885,6,Groceries,Thursday
888,132.035395460647,43.43410413647962,4,Electronics,Tuesday
889,179.53274153461547,81.84790695844113,7,Electronics,Friday
890,205.4351790291454,113.2135300293331,6,Apparel,Tuesday
891,191.0241090598682,105.83249304893572,6,Electronics,Thursday
892,175.36370155536488,94.26712541888328,2,Electronics,Sunday
893,203.3337344794577,96.72920775786285,6,Electronics,Wednesday
894,208.46477952228364,83.14833938235948,4,Electronics,Monday
895,219.10794955187635,38.63155433226033,7,Apparel,Monday
896,182.43549437948212,109.79145337764129,8,Apparel,Wednesday
897,141.64409598415727,83.78055430964174,6,Electronics,Saturday
898,157.33568432166615,71.6484694078484,3,Electronics,Monday
899,210.32544832541782,22.208841613482917,4,Apparel,Friday
900,109.1532164506382,59.1761098187068,5,Apparel,Saturday
901,168.43366544364505,60.63940983221189,3,Electronics,Friday
902,130.33305938363196,105.1019970474937,5,Groceries,Thursday
903,151.4372411467409,70.13130422065673,8,Apparel,Thursday
904,213.92259313036493,51.84406038674506,8,Apparel,Saturday
905,159.55495340099517,117.44803613617253,5,Apparel,Saturday
906,152.32182740780743,22.179265265894724,5,Electronics,Saturday
907,82.00719295100404,56.48032711431391,8,Electronics,Saturday
908,187.31267830136102,14.622714268854581,5,Apparel,Tuesday
909,182.27420905705378,91.38945328436233,4,Electronics,Sunday
910,258.16273616527303,110.98842074190657,3,Electronics,Saturday
911,134.61108825234996,40.804106250553836,7,Apparel,Sunday
912,160.95751638319695,104.4175844479033,4,Electronics,Saturday
913,162.46918418553776,42.144005350808754,4,Groceries,Thursday
914,228.8726639881737,110.18471778083068,5,Electronics,Friday
915,145.2352233806524,92.93580939564623,3,Electronics,Sunday
916,163.95107628851696,98.53974545255825,5,Apparel,Thursday
917,180.39482548582697,11.980721116049995,4,Apparel,Monday
918,159.3304561578179,115.90913927814286,6,Groceries,Tuesday
919,127.67831927247359,89.93380912773556,5,Electronics,Tuesday
920,159.7044996449154,43.522620492474665,5,Groceries,Friday
921,203.6815874929886,101.23341313447317,2,Groceries,Saturday
922,98.67423502944699,40.96733182564229,5,Apparel,Thursday
923,156.64848370734381,106.00292235227407,3,Electronics,Monday
924,114.99395925304134,22.38384294531307,3,Apparel,Thursday
925,209.75233144624212,87.40545752068753,5,Groceries,Saturday
926,73.84065476081126,69.47683243094014,4,Groceries,Saturday
927,122.05390763642058,20.61879172149849,3,Apparel,Wednesday
928,168.86059375322606,36.60832110847229,4,Apparel,Thursday
929,228.27620146171702,11.364443990504627,2,Apparel,Friday
930,146.71248694635062,61.564476201095644,6,Apparel,Thursday
931,122.24002366534009,43.13917868360004,7,Apparel,Tuesday
932,244.0578534720295,75.81932327275346,3,Groceries,Monday
933,77.5993049791878,42.69615884794789,5,Apparel,Sunday
934,40.0597021689959,42.99110226576832,4,Electronics,Friday
935,172.00072250266663,91.75125186047637,6,Groceries,Wednesday
936,124.89728878236944,15.29571195761888,6,Groceries,Monday
937,98.93835914346434,109.3184494711186,2,Electronics,Monday
938,185.41782236496766,103.74902618302995,2,Electronics,Sunday
939,162.19003568855993,83.45851515490472,5,Groceries,Tuesday
940,121.79606846316358,75.25437271181227,2,Apparel,Tuesday
941,85.98478006645529,108.15327479536174,7,Groceries,Tuesday
942,193.62286641400723,30.386319748158588,4,Groceries,Friday
943,182.51005889793305,18.686607840991147,5,Electronics,Thursday
944,145.04120681103086,36.346118690049195,7,Groceries,Monday
945,242.3318498023833,97.40361065702093,5,Apparel,Thursday
946,96.49576168369236,13.813729339913166,7,Electronics,Thursday
947,73.72374145376305,74.10875185918385,1,Groceries,Tuesday
948,115.40459650593777,119.49812678104409,3,Groceries,Thursday
949,147.7206991822251,104.12657032212934,4,Apparel,Monday
950,162.16697246613458,67.35902579479483,9,Groceries,Monday
951,137.9381971071835,17.00050002153066,4,Groceries,Saturday
952,167.60276982571483,101.45108658242808,5,Groceries,Wednesday
953,87.42302879047779,75.88763589949316,6,Groceries,Friday
954,222.18823020366295,22.642629676552353,6,Apparel,Thursday
955,145.89244108037155,20.324301330569185,3,Groceries,Friday
956,205.8647915794064,110.05895013802517,3,Groceries,Friday
957,167.13626731888522,83.61202892318863,5,Groceries,Friday
958,172.8376609576892,101.22154792484311,7,Electronics,Sunday
959,178.4883640116102,106.68767903104941,6,Apparel,Saturday
960,172.38542800086574,72.89495872531545,6,Electronics,Friday
961,182.1361379933772,66.91909869305454,4,Electronics,Saturday
962,216.45762650662158,57.34701513530892,7,Apparel,Monday
963,159.8260584850735,44.86412465702312,4,Electronics,Sunday
964,185.4501878794256,57.80555569445829,8,Electronics,Thursday
965,145.51321528563867,95.1267621303172,5,Electronics,Saturday
966,222.00586077247362,76.21157741166448,5,Apparel,Wednesday
967,116.18038489703652,108.17756189503307,4,Groceries,Friday
968,240.04702164554078,58.77180158171065,5,Apparel,Sunday
969,147.99210246778284,76.77985365906294,2,Apparel,Wednesday
970,78.46124489409759,79.44383084011876,3,Apparel,Monday
971,156.40522074553945,75.0866878536958,7,Electronics,Monday
972,115.94741712625596,87.2897150394068,5,Groceries,Tuesday
973,192.0321774494362,36.11768152122869,6,Apparel,Friday
974,117.36880103488045,66.36001553003697,7,Apparel,Tuesday
975,127.69082833926102,21.464728308918243,2,Groceries,Sunday
976,55.522963452723445,52.29624604092938,7,Groceries,Wednesday
977,127.38468403754617,63.64337754833908,5,Groceries,Thursday
978,28.80603366855216,81.74466855000198,5,Electronics,Tuesday
979,70.80485882571384,114.55841578448239,7,Groceries,Monday
980,188.02073280721487,76.07161732031915,6,Electronics,Friday
981,189.2900079325416,91.79533077942158,5,Apparel,Wednesday
982,171.27287808924825,65.6892665444723,0,Electronics,Saturday
983,101.65119284353935,79.75144345139644,7,Groceries,Sunday
984,147.614432192901,17.802543774715076,5,Electronics,Sunday
985,149.81987304547158,37.98307389260317,5,Groceries,Monday
986,92.08176554037286,49.80384025256526,6,Electronics,Saturday
987,225.16991508835753,61.974269050716494,8,Apparel,Sunday
988,193.86811452878356,15.021362005262212,4,Electronics,Thursday
989,138.95179130851682,25.402650730864945,6,Apparel,Friday
990,151.34429194972654,40.44957385704363,4,Groceries,Thursday
991,160.41914039737762,116.86859599911557,1,Apparel,Sunday
992,47.913256578785465,46.448170781335584,3,Groceries,Thursday
993,137.64113087397016,63.024516392329076,4,Groceries,Sunday
994,115.90078760011008,31.570748401223224,5,Apparel,Friday
995,99.91899950525422,77.18580781833451,4,Apparel,Friday
996,135.94498535570224,40.875153706757175,5,Electronics,Saturday
997,239.88432634247613,32.76918362822694,2,Electronics,Thursday
998,182.0421430633505,66.8229891290577,2,Apparel,Wednesday
999,121.44105051086015,10.60563790764629,5,Apparel,Saturday
1000,178.62913906780793,10.843043591414785,5,Apparel,Friday
